Value_a,Value_b,Result_quotient
1,3,0.333333333
2,4,0.5
3,5,0.6
4,6,0.666666667
5,7,0.714285714
6,8,0.75
7,9,0.777777778
8,10,0.8
0,4,0
4,0,0

